[
    {
      "id": "de42b966-fdb2-4273-97ef-d155a946e069",
      "name": "eiusmoddolore",
      "image": "nostrudeaullamcoiddolorvol",
      "rating": "20.742034751822974",
      "address": "7161 Emanuel Ferry",
      "lat": "592.046676401583",
      "lng": "940.0425730684595",
      "check": true,
      "description": "Voluptate consectetur fugiat nostrud et tempor ipsum adipisicing quis ullamco in fugiat non quis deserunt veniam non anim fugiat et consequat enim non aliqua amet laborum adipisicing magna eiusmod nostrud."
    },
    {
      "id": "c4e57c88-2d13-4d47-a52c-8fac72532ee8",
      "name": "eunostrudete",
      "image": "dolorcupidatatduiseli",
      "rating": "16.890578845514902",
      "address": "7117 Greenholt Brooks",
      "lat": "1025.1925545648141",
      "lng": "920.8250438101793",
      "check": false,
      "description": "Enim occaecat consectetur laboris cupidatat qui ea qui reprehenderit labore consectetur veniam sint culpa enim id esse ad fugiat consectetur proident est aliqua tempor ex ea exercitation."
    },
    {
      "id": "0245074d-e3b1-4768-8f27-c69daecea23f",
      "name": "veniamLore",
      "image": "voluptateoccaecatdoloreconsect",
      "rating": "28.186388371427974",
      "address": "3904 Raheem Islands",
      "lat": "1899.350670650848",
      "lng": "1433.6802718221898",
      "check": false,
      "description": "Proident dolor consequat id fugiat enim officia non minim id duis labore aliquip adipisicing consectetur cupidatat veniam officia laboris amet culpa ipsum qui cillum dolore."
    },
    {
      "id": "c50c3e99-6ba0-4e89-b944-21e15a67c5a1",
      "name": "aliquipcommo",
      "image": "doloreipsumreprehenderitquirep",
      "rating": "17.401034616908372",
      "address": "0303 Gulgowski Squares",
      "lat": "1565.6151944626101",
      "lng": "1531.6302483071104",
      "check": false,
      "description": "Consectetur sit amet laboris commodo qui in incididunt ipsum ipsum mollit cillum sit dolor est officia enim sint sunt ut pariatur."
    },
    {
      "id": "cbe95bed-4d6a-4f1d-a6e0-7ca7c483fab0",
      "name": "molliteavo",
      "image": "dolaborelaborisoccaecatco",
      "rating": "22.836921532147837",
      "address": "56820 Kuvalis Plains",
      "lat": "760.334238376281",
      "lng": "960.5382960711396",
      "check": false,
      "description": "Ad Lorem id dolor consectetur nostrud deserunt consectetur in adipisicing adipisicing nostrud tempor nisi aliquip sit anim sunt sunt commodo cillum mollit cillum."
    },
    {
      "id": "b0b3c609-1717-47fa-8cdf-8b937478d5e2",
      "name": "ametquiinutali",
      "image": "nostrudconsectetu",
      "rating": "28.65785918356797",
      "address": "80605 Wolf Shoals",
      "lat": "1920.4644066368958",
      "lng": "1119.3424164285411",
      "check": true,
      "description": "Qui sint fugiat excepteur aliquip excepteur occaecat minim et cupidatat culpa esse duis ut ipsum amet est eu et aliqua proident pariatur."
    },
    {
      "id": "cebc3eca-2bf2-43a2-bae2-d22568fd895b",
      "name": "nisiquisun",
      "image": "elitadnostrudadeudolo",
      "rating": "18.401478106195885",
      "address": "0399 Beatty Port",
      "lat": "430.0447548918294",
      "lng": "307.90222456141925",
      "check": false,
      "description": "Culpa est ipsum est qui et consequat officia proident sint dolore ea excepteur amet aute ullamco id et occaecat commodo non culpa magna exercitation."
    },
    {
      "id": "848ac237-2e8d-4374-af83-25be78373ab4",
      "name": "veliteasinti",
      "image": "eiusmodcupidatatad",
      "rating": "15.352891952762457",
      "address": "5310 Mraz Mountain",
      "lat": "324.73216693832677",
      "lng": "890.0297428628423",
      "check": false,
      "description": "Non exercitation ullamco aute pariatur occaecat do adipisicing ea dolor cillum et voluptate consequat pariatur ipsum magna nisi ad magna nostrud."
    },
    {
      "id": "9e4ec93e-f3d4-4b2d-95c1-adaa0b5afd3d",
      "name": "voluptatedolo",
      "image": "nullaofficiaadipi",
      "rating": "25.697037236653",
      "address": "64261 Thelma Centers",
      "lat": "139.5258328260795",
      "lng": "396.69338314963943",
      "check": false,
      "description": "Qui eiusmod irure aliqua do dolore culpa sint eu adipisicing cupidatat ut commodo non do do id est esse voluptate eu minim voluptate non voluptate aute sunt."
    },
    {
      "id": "1d9bc688-9a5f-4115-819f-dd73e8b00ce4",
      "name": "ullamcopariatur",
      "image": "Loremreprehenderi",
      "rating": "16.66538611490289",
      "address": "06372 Walsh Extension",
      "lat": "83.0311536172914",
      "lng": "1133.5400433706852",
      "check": false,
      "description": "Anim et aliqua quis deserunt ea ex pariatur laborum labore exercitation aliquip fugiat sunt aliqua aliqua cillum cupidatat id laborum velit minim sit sit ut exercitation voluptate do occaecat."
    },
    {
      "id": "c4e31f47-3ce7-4887-a5ff-1ad87c5f2909",
      "name": "ametidpariatur",
      "image": "duiseuauteesseexerci",
      "rating": "22.68300468551196",
      "address": "151 Lorna Key",
      "lat": "1245.6522247822995",
      "lng": "809.8379810780104",
      "check": false,
      "description": "Dolor eiusmod velit cupidatat velit dolore nostrud velit commodo Lorem aute ex cupidatat laboris aliquip fugiat eiusmod duis ad esse elit qui."
    },
    {
      "id": "5b349066-a92d-4280-859d-f9b90c22f3ba",
      "name": "autenostrudmo",
      "image": "ullamcononvelitvolupta",
      "rating": "27.63718225493578",
      "address": "417 Satterfield Summit",
      "lat": "69.12745325358803",
      "lng": "1490.6294688977862",
      "check": false,
      "description": "Nisi proident ullamco anim commodo voluptate nostrud tempor excepteur non veniam anim laborum voluptate eiusmod exercitation quis dolore cupidatat duis quis exercitation adipisicing aliquip duis sint cupidatat consectetur ut elit."
    },
    {
      "id": "7805e4ca-4c51-4dbc-a6f1-bd794145a30b",
      "name": "adipsumven",
      "image": "dosintelittempo",
      "rating": "22.743640044357186",
      "address": "1164 Roob Divide",
      "lat": "993.5261167052726",
      "lng": "1912.5415248791915",
      "check": false,
      "description": "Ut aliqua non dolor culpa adipisicing fugiat voluptate commodo ad id officia consequat laboris enim incididunt occaecat sunt laboris voluptate aliquip laboris nisi eu anim minim mollit proident velit."
    },
    {
      "id": "a95ef81d-0cb5-41bf-896d-6a9b1c858333",
      "name": "excepteurcommod",
      "image": "duissitirurevelitsunte",
      "rating": "16.775698727829518",
      "address": "43217 Heidenreich Shores",
      "lat": "641.8241842637436",
      "lng": "1025.477303234249",
      "check": true,
      "description": "Voluptate duis aute ipsum nisi amet Lorem ad adipisicing mollit sit ad nisi ullamco quis anim ullamco adipisicing cupidatat amet amet incididunt."
    },
    {
      "id": "f238588d-6ef5-4309-91c1-efa19f7cdc1a",
      "name": "ipsumaliqua",
      "image": "magnaofficialaboreirureof",
      "rating": "23.044776155519852",
      "address": "7716 Pfannerstill Village",
      "lat": "1860.9348667781135",
      "lng": "1404.226275532269",
      "check": true,
      "description": "Do anim magna fugiat cupidatat nisi pariatur labore ea elit dolore aliqua sunt duis aliquip adipisicing et proident ut magna."
    },
    {
      "id": "467ceb2f-6fae-43d1-ba97-a7c7b4115b80",
      "name": "proidentconsec",
      "image": "officiaadnullaaliquipinfugia",
      "rating": "19.220934280381776",
      "address": "518 Corkery Ramp",
      "lat": "1564.929515703695",
      "lng": "533.523733498542",
      "check": true,
      "description": "Proident magna dolor consectetur dolor incididunt proident ut ex sit velit laboris dolore veniam voluptate duis deserunt in nisi amet non pariatur adipisicing."
    },
    {
      "id": "35c44692-f7a8-4ea6-9150-55c34749f34e",
      "name": "nisiametno",
      "image": "mollitquisduiseiusmodexer",
      "rating": "23.941696118065206",
      "address": "59597 Rod Corner",
      "lat": "770.624112056051",
      "lng": "44.40098726093083",
      "check": false,
      "description": "Excepteur qui magna in incididunt deserunt deserunt irure consequat velit in aliquip veniam ipsum cupidatat consectetur eiusmod aute aliquip proident tempor laboris ea reprehenderit qui Lorem veniam Lorem anim laborum."
    },
    {
      "id": "79d52ff8-d27c-4ecf-84e3-969eff5c444e",
      "name": "exinelitexe",
      "image": "animcupidatatco",
      "rating": "22.84703251474039",
      "address": "66546 Shanahan Trace",
      "lat": "1689.7428682410614",
      "lng": "648.855217344321",
      "check": false,
      "description": "Commodo est id fugiat duis velit excepteur qui exercitation reprehenderit laborum qui qui est consectetur laborum minim eu ipsum dolor consectetur nisi magna Lorem voluptate."
    },
    {
      "id": "e91735d0-fead-4b67-b09d-a484d364f6f8",
      "name": "nisiexercita",
      "image": "eiusmodduiscupidatatullamco",
      "rating": "17.38169642859672",
      "address": "5458 Herman Park",
      "lat": "567.8408482377694",
      "lng": "500.0475826838537",
      "check": false,
      "description": "Sint aute ea eiusmod reprehenderit ut laborum dolor Lorem anim eu dolor proident irure esse pariatur velit aliquip ipsum ad consequat sit exercitation labore proident."
    },
    {
      "id": "44b2a126-bc7c-497e-aa1d-c5adc1ba7353",
      "name": "voluptatedeser",
      "image": "aliquiplaborumsintdolo",
      "rating": "15.703925360734022",
      "address": "9743 Windler Extension",
      "lat": "1269.774627000253",
      "lng": "1659.827048319948",
      "check": true,
      "description": "Aliquip est elit enim reprehenderit exercitation cupidatat consequat duis irure deserunt nulla aliqua ullamco culpa non dolore tempor elit nostrud sunt exercitation id."
    },
    {
      "id": "37ec2f38-ce1c-4b47-8f07-a445db9404c9",
      "name": "mollitcommodom",
      "image": "estirureanimLoremconseq",
      "rating": "15.784334915555217",
      "address": "202 Domenica Isle",
      "lat": "981.5895323431511",
      "lng": "1167.4682416648009",
      "check": false,
      "description": "Nulla minim tempor qui elit nisi dolor sint fugiat quis ex exercitation commodo aliquip est proident consequat occaecat anim magna anim esse sit aliquip."
    },
    {
      "id": "f0794fa8-a97b-427a-a864-c04b764c930d",
      "name": "occaecatex",
      "image": "velitduiscupidat",
      "rating": "20.49106637625499",
      "address": "488 Bo Via",
      "lat": "1096.7501045451513",
      "lng": "1266.0759384691728",
      "check": true,
      "description": "Consequat cupidatat ea nulla eiusmod adipisicing veniam nostrud est do consectetur eiusmod ipsum Lorem do sunt commodo esse culpa commodo veniam laborum reprehenderit id laboris non exercitation."
    },
    {
      "id": "caf6b63b-22bb-4cfa-a01a-ec050646945c",
      "name": "nisiessemagn",
      "image": "dodeseruntLoremessemin",
      "rating": "27.443214361719825",
      "address": "50538 Judson Mountain",
      "lat": "560.2096626694647",
      "lng": "449.2338861896441",
      "check": true,
      "description": "Officia voluptate labore cillum duis veniam tempor deserunt cillum nisi id tempor consectetur magna non veniam eiusmod veniam sint pariatur nulla eiusmod labore culpa excepteur culpa ipsum adipisicing."
    },
    {
      "id": "d5e602ae-f2cd-47c1-a21e-8c2d85c70a17",
      "name": "culpalaboris",
      "image": "inlaborisincidi",
      "rating": "29.321433109288332",
      "address": "5751 Gleason Green",
      "lat": "1321.8371368085623",
      "lng": "578.6193426493292",
      "check": true,
      "description": "Veniam laborum mollit duis consectetur in dolor Lorem cupidatat qui labore cillum pariatur laboris quis culpa cillum ullamco commodo deserunt ullamco sunt amet proident enim ut officia."
    },
    {
      "id": "ac21fe4b-89b9-49f7-90f0-d9daedd44f0c",
      "name": "adproidentind",
      "image": "dolorelitdeseruntadametei",
      "rating": "16.662013003268854",
      "address": "5255 Abdiel Roads",
      "lat": "788.3473659860211",
      "lng": "1824.421874232101",
      "check": false,
      "description": "Velit id do qui non do eiusmod in voluptate ut occaecat occaecat exercitation quis mollit eiusmod commodo et occaecat eiusmod est est consequat."
    },
    {
      "id": "6878da4b-ed4d-4d44-8652-0a1047c91267",
      "name": "ametidlabo",
      "image": "sitelitpariaturirure",
      "rating": "25.175898839112065",
      "address": "926 Elyssa Fort",
      "lat": "1021.0766282405754",
      "lng": "1577.400589118373",
      "check": false,
      "description": "Irure proident labore commodo consequat eu ad magna non est irure enim labore mollit anim ullamco duis irure nostrud nulla."
    },
    {
      "id": "cc0fdd8c-37b8-4a3d-881a-6fe8985b3485",
      "name": "deseruntcommodo",
      "image": "etincididuntelitexullamcoes",
      "rating": "28.61653990199314",
      "address": "8291 Holly Port",
      "lat": "1340.7994006483234",
      "lng": "1956.392341302778",
      "check": true,
      "description": "Eiusmod duis eu laborum ullamco in mollit est incididunt non ex qui dolore laboris veniam est laboris dolore ullamco fugiat culpa officia non ipsum in ullamco Lorem mollit quis sunt."
    },
    {
      "id": "469acc73-ec7a-4b76-85db-33d70d64b2d4",
      "name": "animametdui",
      "image": "exercitationipsumei",
      "rating": "16.25553831622811",
      "address": "438 Lily Place",
      "lat": "1130.942682829982",
      "lng": "1700.8633636952957",
      "check": true,
      "description": "Ad exercitation deserunt consequat esse labore exercitation Lorem consequat Lorem id incididunt minim fugiat voluptate proident ipsum voluptate enim amet sint occaecat exercitation occaecat ea laboris exercitation consequat officia nisi."
    },
    {
      "id": "78f15557-4621-4ec7-a571-fea6766801bc",
      "name": "adipisicing",
      "image": "voluptatealiquipirur",
      "rating": "23.092094922799134",
      "address": "39582 Kaia Mount",
      "lat": "1873.4710407133646",
      "lng": "68.62970135252536",
      "check": true,
      "description": "Duis irure veniam commodo sit incididunt incididunt eiusmod Lorem reprehenderit commodo sit ipsum anim anim non sint incididunt sunt ad sint est et irure pariatur cillum."
    },
    {
      "id": "6ddbacfa-2779-4389-9a7b-6e49116e8a3c",
      "name": "quinonexenimno",
      "image": "reprehenderitnondoeaelitduis",
      "rating": "18.58606039752143",
      "address": "920 Jasper Vista",
      "lat": "868.6719643589223",
      "lng": "1750.7113823702925",
      "check": true,
      "description": "Pariatur velit ipsum cillum elit amet et dolor exercitation veniam ut et nulla laborum ut ullamco adipisicing eu excepteur aliquip."
    },
    {
      "id": "794cf52c-2bd1-4846-9ea8-5113d1917e18",
      "name": "euquisnisiLore",
      "image": "aliquipametcommodocommodos",
      "rating": "17.14184980340199",
      "address": "953 Harber Flat",
      "lat": "109.008272213959",
      "lng": "452.18794009498987",
      "check": true,
      "description": "Minim dolore laboris quis irure dolore anim sit officia ut voluptate consectetur enim est elit labore ullamco occaecat cupidatat aute sint veniam."
    },
    {
      "id": "22b59d25-283b-463d-a189-c71cde9f2d46",
      "name": "idincididunt",
      "image": "sitdoloreelittempor",
      "rating": "20.652562338037146",
      "address": "523 Pierre Meadow",
      "lat": "1244.1048974338325",
      "lng": "1277.7118368820093",
      "check": true,
      "description": "Exercitation Lorem excepteur fugiat ad nulla ad aliqua occaecat nostrud deserunt culpa voluptate officia cillum dolor cillum id elit ipsum laboris incididunt est et eu."
    },
    {
      "id": "58bb37a5-fe6b-4ba6-b36e-0f4a7b966e31",
      "name": "nostruddese",
      "image": "nonLoremsiteaveniamnisicons",
      "rating": "26.58652587842955",
      "address": "954 Zander Falls",
      "lat": "1002.6723293737676",
      "lng": "848.9156647378886",
      "check": false,
      "description": "Et pariatur ipsum esse quis tempor occaecat nostrud magna sunt voluptate aliqua occaecat occaecat id ad occaecat magna sint laboris qui anim nostrud duis elit officia esse."
    },
    {
      "id": "c1f2a46c-ce1a-471b-a4b6-07e8492b26d4",
      "name": "ipsumanimet",
      "image": "commodocommododol",
      "rating": "22.910096368598627",
      "address": "25629 Brakus Forges",
      "lat": "1312.926687547935",
      "lng": "98.09177421888323",
      "check": false,
      "description": "Aliquip duis excepteur consectetur id sit nostrud nulla eiusmod id ipsum commodo quis et mollit enim ex dolore nulla id reprehenderit ipsum."
    },
    {
      "id": "ac74e4b7-b957-43bc-9429-0d5ec4f33013",
      "name": "commododuise",
      "image": "mollituteiusmodexercitationad",
      "rating": "28.830522386456966",
      "address": "68949 Schultz Throughway",
      "lat": "1279.9024115202133",
      "lng": "1078.3830909613337",
      "check": true,
      "description": "Exercitation enim mollit officia excepteur velit ea sit deserunt dolore laboris sunt officia ad cillum laborum ut do nostrud ullamco officia ipsum fugiat magna qui ad dolor velit in aliquip."
    },
    {
      "id": "7900b9ea-350d-40bf-9218-81a2375aee3c",
      "name": "commododuisc",
      "image": "Loremcillumtempore",
      "rating": "21.839596856262734",
      "address": "660 Chyna Inlet",
      "lat": "1429.4968639354524",
      "lng": "1555.3021636238939",
      "check": true,
      "description": "Ut qui duis voluptate anim elit incididunt et amet id tempor cupidatat tempor nostrud et id in dolore qui reprehenderit sit in adipisicing irure ullamco pariatur do nisi non."
    },
    {
      "id": "5624416b-daff-4d99-82ca-ae7f90b0f555",
      "name": "duisaliquipdese",
      "image": "fugiatduisauteeliteiusmodmi",
      "rating": "15.879765003032668",
      "address": "9123 McCullough Skyway",
      "lat": "1871.8427420148346",
      "lng": "1947.48599191541",
      "check": false,
      "description": "Cupidatat commodo ut cillum occaecat ipsum reprehenderit elit enim tempor dolore irure ex ipsum nulla minim proident non nostrud proident commodo veniam elit magna quis consectetur voluptate ut consectetur aliqua."
    },
    {
      "id": "bb9762f7-56b5-4e86-a63f-778f91bc3344",
      "name": "aliquipcillu",
      "image": "cillumofficianisiid",
      "rating": "28.078167252825303",
      "address": "00940 Miller Prairie",
      "lat": "662.0616757455356",
      "lng": "1441.1989878924671",
      "check": false,
      "description": "Pariatur minim reprehenderit eu officia nostrud esse irure laborum sit et sint aute tempor cillum consequat dolore consequat anim consectetur sint anim qui deserunt commodo consequat Lorem tempor veniam elit."
    },
    {
      "id": "a320ea27-6c24-4618-bc55-b95ccbbd1b83",
      "name": "induisincid",
      "image": "quisveniamfugiatcu",
      "rating": "26.878466413360087",
      "address": "0821 Jesus Hills",
      "lat": "166.3835848180019",
      "lng": "735.1473382471227",
      "check": true,
      "description": "Irure duis laboris laborum est et do cillum non officia proident culpa pariatur commodo magna sit aliquip ullamco pariatur deserunt est qui anim sit enim commodo."
    },
    {
      "id": "bd6e80a0-89d9-4d7a-998e-e0118379f861",
      "name": "dolordoloreoff",
      "image": "officiasinteteupariatu",
      "rating": "19.08069198099452",
      "address": "2845 Mafalda Estate",
      "lat": "215.3294582554944",
      "lng": "1779.2596572833265",
      "check": true,
      "description": "Velit est anim eiusmod aute Lorem velit sunt non consequat in velit tempor dolor in amet sunt dolor enim velit."
    },
    {
      "id": "4b4bc12f-5a53-4183-9514-79715621f8a0",
      "name": "sitelitidex",
      "image": "animconsequatci",
      "rating": "27.05498803477244",
      "address": "698 Powlowski Greens",
      "lat": "1629.9294285377832",
      "lng": "1337.4395122729366",
      "check": true,
      "description": "Magna aliquip ullamco sit incididunt aliqua aliquip adipisicing laborum occaecat irure proident velit amet Lorem veniam in quis et mollit laboris consectetur commodo non mollit commodo id commodo mollit mollit."
    },
    {
      "id": "afaf5606-37b3-4f60-8cb2-5c402416d2bc",
      "name": "adsuntnulla",
      "image": "eiusmodincididuntduisinco",
      "rating": "18.116510298723036",
      "address": "5423 Gus Keys",
      "lat": "846.9244047374341",
      "lng": "312.0067701680888",
      "check": true,
      "description": "Est laboris exercitation consectetur aliquip culpa minim minim id velit aute et mollit anim veniam minim do occaecat sint consequat est deserunt consequat sunt exercitation consequat aliqua laborum."
    },
    {
      "id": "20c32fc9-653c-443e-9279-274a282c9349",
      "name": "ullamcoincu",
      "image": "velitlaborumofficiaaliquipproi",
      "rating": "21.71596369027146",
      "address": "629 Omari Mills",
      "lat": "33.46578727692874",
      "lng": "1190.1233715074723",
      "check": false,
      "description": "Reprehenderit et id consequat dolore cillum id aliquip proident incididunt laboris mollit duis excepteur sint veniam magna amet in culpa proident cupidatat magna fugiat exercitation culpa."
    },
    {
      "id": "f7a3f021-cc0f-41eb-b47c-524605363717",
      "name": "pariaturdolormi",
      "image": "voluptateconsequatqui",
      "rating": "23.547640933310824",
      "address": "6053 Adonis Mall",
      "lat": "1333.663435415063",
      "lng": "564.9010127527841",
      "check": false,
      "description": "Est do veniam voluptate culpa incididunt velit est et quis tempor Lorem officia nulla esse anim mollit in culpa eiusmod quis aliqua aute eiusmod ullamco commodo mollit nulla minim minim."
    },
    {
      "id": "d1f645de-a564-4bb8-a668-e6def95d0ede",
      "name": "aliquipaliqu",
      "image": "eaaliquaanimsuntsuntullamco",
      "rating": "16.301948408276605",
      "address": "7902 Schaefer Ville",
      "lat": "1355.5150558014675",
      "lng": "1375.767185669895",
      "check": true,
      "description": "Nulla enim proident eiusmod mollit nulla labore aute consequat veniam fugiat labore id reprehenderit veniam est sint et ex laboris ea dolore veniam ad excepteur."
    },
    {
      "id": "34cad34a-8532-413f-b587-1120cf96233e",
      "name": "doloreexerc",
      "image": "occaecatnullanullaipsu",
      "rating": "20.167662153357696",
      "address": "03858 Jody Ranch",
      "lat": "433.83665350577047",
      "lng": "63.277254719767726",
      "check": false,
      "description": "Sint et pariatur quis do eiusmod laboris dolore culpa reprehenderit elit quis do aute magna eiusmod aliqua sit eiusmod incididunt nulla adipisicing."
    },
    {
      "id": "c344e783-f63d-4a34-a2a0-d35f561ebe16",
      "name": "doloreincul",
      "image": "nisivelitquiquisidess",
      "rating": "27.20302200001916",
      "address": "8251 Bahringer Estate",
      "lat": "1815.1212928601544",
      "lng": "1614.1110981697323",
      "check": false,
      "description": "Sunt dolore Lorem id exercitation qui nostrud culpa exercitation dolore magna sit pariatur qui officia officia minim sint ad cillum tempor do mollit pariatur ex."
    },
    {
      "id": "f1769dc5-c3e6-4624-94d7-269196c0390e",
      "name": "magnaetsitlabo",
      "image": "doloreculpafugi",
      "rating": "15.23082830672219",
      "address": "639 Bruen Harbor",
      "lat": "1189.9798951265848",
      "lng": "24.928973303646472",
      "check": true,
      "description": "Pariatur in esse fugiat enim do elit excepteur esse aute excepteur incididunt magna excepteur anim enim pariatur irure amet irure."
    },
    {
      "id": "0f54a040-b1da-4579-8be7-acb38ff7692e",
      "name": "duisautequicomm",
      "image": "eiusmodauteestculpain",
      "rating": "21.84536488148582",
      "address": "64941 Marlon Valleys",
      "lat": "352.2943435940897",
      "lng": "727.5211659892797",
      "check": false,
      "description": "Aliquip tempor voluptate cillum amet cupidatat est tempor exercitation proident consequat officia magna consectetur dolor sint do culpa sit nisi magna veniam laboris minim nisi quis ut aliquip labore ipsum."
    },
    {
      "id": "fa9f501f-246e-4a76-9270-06bef3e757b4",
      "name": "autelaborume",
      "image": "excepteuretproide",
      "rating": "23.505863423672768",
      "address": "92333 Vandervort Lock",
      "lat": "488.77992557845346",
      "lng": "1296.176148655403",
      "check": false,
      "description": "Pariatur sit id officia officia consequat consectetur magna consectetur laboris eiusmod culpa reprehenderit aute id elit laboris ea mollit cillum in do qui adipisicing id est culpa dolore."
    },
    {
      "id": "b57b8700-4e61-4f78-a70b-ea5cbc5d7519",
      "name": "officiaconse",
      "image": "doloroccaecatvelitirure",
      "rating": "27.965439617839696",
      "address": "2416 Nadia Point",
      "lat": "600.923592503533",
      "lng": "557.1771076042354",
      "check": false,
      "description": "Culpa duis eiusmod eu elit veniam quis qui dolor ex minim magna Lorem irure commodo sint mollit cillum id exercitation pariatur non adipisicing."
    },
    {
      "id": "0bcb9acb-60c3-4eb6-b036-f54fc636b214",
      "name": "nisiveniamullam",
      "image": "culpadositanimquifugiatcom",
      "rating": "16.30076588191114",
      "address": "8004 Cronin Point",
      "lat": "1771.5452178221774",
      "lng": "216.47480212500486",
      "check": true,
      "description": "Nulla cupidatat esse consectetur ad mollit qui sunt sunt nisi exercitation aliqua culpa proident incididunt consectetur non in dolor officia proident proident aliqua velit amet cupidatat nisi."
    },
    {
      "id": "07d9537f-3051-4a26-a690-c9f4a4ffeed3",
      "name": "noneiusmodparia",
      "image": "culpadoloreadipisicing",
      "rating": "26.980188028861644",
      "address": "798 Keegan Street",
      "lat": "912.3879829110441",
      "lng": "1370.5751305400315",
      "check": true,
      "description": "Incididunt consequat elit in veniam aute nostrud commodo nisi excepteur consequat pariatur aliquip est eu mollit proident voluptate elit sit."
    },
    {
      "id": "ee2211d6-ed93-4faa-8699-690ca72000a7",
      "name": "iruresuntoffi",
      "image": "elittemporexcepteurenimduisnul",
      "rating": "15.92837459371674",
      "address": "508 Barry Ville",
      "lat": "1545.8160854680787",
      "lng": "1877.9281042041328",
      "check": true,
      "description": "Dolore est nulla enim anim laboris magna est deserunt deserunt laborum esse id nostrud non culpa amet laboris occaecat fugiat esse pariatur occaecat proident mollit."
    },
    {
      "id": "e44af40b-ad6a-42e6-9e87-9bb4d0585add",
      "name": "minimculpa",
      "image": "Loremlaboreminimfugiatenima",
      "rating": "17.50779415628907",
      "address": "969 White Flats",
      "lat": "1179.406142389667",
      "lng": "921.1379190633241",
      "check": false,
      "description": "Commodo occaecat aute ea ad aute et duis aliquip ex est do sint cupidatat incididunt pariatur reprehenderit do sunt culpa aliqua do labore minim dolor id nulla."
    },
    {
      "id": "9428fb5f-2ffc-49b7-bf6a-363f1fc85cff",
      "name": "nullaLoremlab",
      "image": "etsuntadipisicin",
      "rating": "29.91627121904095",
      "address": "736 Hauck Cape",
      "lat": "273.7864656003425",
      "lng": "1065.9046765340117",
      "check": true,
      "description": "Anim officia culpa ex nostrud labore consequat dolore pariatur eu duis reprehenderit dolore laborum cupidatat pariatur sunt reprehenderit pariatur adipisicing laboris dolor qui velit et et aliqua."
    },
    {
      "id": "d2bdd763-406b-487f-9e96-4ff91991b73c",
      "name": "enimdolorconseq",
      "image": "aliquippariaturd",
      "rating": "19.794869869132306",
      "address": "254 Pacocha Spurs",
      "lat": "1374.180805076826",
      "lng": "426.68674254424155",
      "check": false,
      "description": "Minim esse ea cillum et ad eu proident veniam excepteur esse ut veniam veniam ea in consequat proident non cillum est deserunt quis eiusmod mollit laboris."
    },
    {
      "id": "2ad22ed3-4750-4c97-9b78-b67a81b690cd",
      "name": "nostrudfugiatl",
      "image": "sintdolorvelitineusintocca",
      "rating": "26.797769967128588",
      "address": "458 Nia Ferry",
      "lat": "1183.7246954915547",
      "lng": "1955.7424792480028",
      "check": false,
      "description": "Consequat et id consequat esse ea est eiusmod ipsum mollit ut mollit aute Lorem nostrud sunt labore proident esse qui voluptate eiusmod irure enim ex est pariatur laborum tempor."
    },
    {
      "id": "3de2c9ce-049a-4b9c-a0d2-149e47ee8606",
      "name": "nostrudlabor",
      "image": "temporeaullamcotemp",
      "rating": "24.166941450632375",
      "address": "9972 Hailie Highway",
      "lat": "408.2350957785193",
      "lng": "909.5220331297818",
      "check": true,
      "description": "Aute sunt dolor amet dolor velit non ad Lorem aute enim anim sunt non mollit dolor aute esse nisi consectetur aute nisi do dolor adipisicing officia non id."
    },
    {
      "id": "fd72dabd-7be3-4f87-b690-9e3d9d194af6",
      "name": "ametanimci",
      "image": "ullamcoidmagnatemporet",
      "rating": "19.418903311340845",
      "address": "88675 Rasheed Crest",
      "lat": "373.8271177895922",
      "lng": "447.7968695322928",
      "check": false,
      "description": "Dolor id veniam veniam est anim sit excepteur et Lorem irure cillum consequat sint sit non nostrud sit aliqua nisi do id aute amet consequat est ullamco."
    },
    {
      "id": "80b79df4-0b38-4049-9b25-1c6ce2280f9b",
      "name": "elitlaboremo",
      "image": "domagnaquisvoluptatenos",
      "rating": "16.852565116705012",
      "address": "46111 Bernard Gateway",
      "lat": "561.1527885468937",
      "lng": "396.4738694145299",
      "check": false,
      "description": "Officia ipsum eu irure cupidatat cupidatat exercitation est qui non est occaecat quis elit enim aliqua do esse commodo anim sint culpa ipsum."
    },
    {
      "id": "b41792b8-4479-4ed6-ade7-40978abc7f9c",
      "name": "eaadipisicingf",
      "image": "laborisexcillumullamcominim",
      "rating": "24.042029510598447",
      "address": "8964 Daphnee Summit",
      "lat": "1619.5421319270777",
      "lng": "117.5880522966261",
      "check": true,
      "description": "Magna nostrud laborum deserunt adipisicing amet amet nisi irure consequat dolore proident sint ipsum commodo consectetur consectetur reprehenderit exercitation Lorem consectetur velit magna sit."
    },
    {
      "id": "60feb863-5b7e-41e6-9ecc-f80cd836d4c5",
      "name": "aliquipLorem",
      "image": "cillumquiullamcoconseq",
      "rating": "15.788932023104035",
      "address": "7195 Lakin Extensions",
      "lat": "321.8932712770829",
      "lng": "1920.9758346525698",
      "check": false,
      "description": "Esse irure ea officia incididunt non ex quis aliqua esse commodo minim ad dolore laboris amet elit id eiusmod proident ex incididunt ullamco laborum consequat incididunt aliqua ipsum pariatur."
    },
    {
      "id": "f2e61d0e-4c80-4185-9869-a3f0c2b4ec05",
      "name": "occaecatinc",
      "image": "esseametlaborealiq",
      "rating": "19.005029868628636",
      "address": "916 Flatley Points",
      "lat": "1561.2281558414504",
      "lng": "1347.0451573339246",
      "check": true,
      "description": "Reprehenderit aliqua id Lorem excepteur cupidatat culpa proident quis aliqua nostrud incididunt velit commodo est excepteur officia laboris est exercitation laboris anim consequat nostrud sit officia elit officia excepteur."
    },
    {
      "id": "24a32348-0c3b-4559-a19c-28f8ee7b4afc",
      "name": "magnaesteiusmod",
      "image": "deseruntetadipi",
      "rating": "17.913852256976583",
      "address": "791 Tavares Keys",
      "lat": "251.40274824272115",
      "lng": "888.2477416068494",
      "check": false,
      "description": "Labore ex adipisicing ea ullamco pariatur excepteur dolore commodo sint pariatur sunt fugiat labore officia Lorem ipsum velit velit occaecat quis voluptate."
    },
    {
      "id": "c52c4ae9-79ed-47cc-8186-110e2f8ae094",
      "name": "nullavolup",
      "image": "irurelaboreauteoc",
      "rating": "28.342321492777103",
      "address": "9502 Caroline Creek",
      "lat": "810.3785778431031",
      "lng": "1125.4356047033386",
      "check": true,
      "description": "Sint proident elit culpa nisi deserunt laborum sint dolor ea enim excepteur consequat minim minim non est proident adipisicing sunt sit non quis consequat duis excepteur esse minim reprehenderit dolore."
    },
    {
      "id": "3c6a8cc1-f070-435e-ab56-91d1f6ab88ca",
      "name": "dolorindolora",
      "image": "voluptatenonquifugiatsu",
      "rating": "22.69677886070289",
      "address": "10077 Tyrell Coves",
      "lat": "1048.9438725917323",
      "lng": "258.2849539182829",
      "check": false,
      "description": "Ex eu ullamco laboris nostrud eu ad ullamco consequat tempor magna voluptate enim voluptate minim sunt cupidatat commodo enim exercitation consectetur ipsum consequat esse et officia laborum."
    },
    {
      "id": "a7992f8c-8bb8-4727-832c-a6b32addca08",
      "name": "iruresiteli",
      "image": "consequataliquipr",
      "rating": "23.842774126569932",
      "address": "27613 Vickie Trail",
      "lat": "1192.8791000006597",
      "lng": "1741.180692715446",
      "check": true,
      "description": "Commodo velit laborum et nulla laboris eu in nulla proident in velit elit esse ut est est aliquip voluptate reprehenderit culpa dolor do minim ex ad sunt aute dolor."
    },
    {
      "id": "22e83265-f340-4d05-9886-fe862a3f324c",
      "name": "nisiessema",
      "image": "exduisincididuntsintpar",
      "rating": "19.943841387043253",
      "address": "84659 Jovani Cove",
      "lat": "334.26121048115033",
      "lng": "331.55657303559536",
      "check": false,
      "description": "Est tempor excepteur laborum esse minim ullamco adipisicing excepteur commodo aliqua fugiat sunt enim voluptate ex sint sint ut nostrud aliquip quis pariatur ullamco anim ad."
    },
    {
      "id": "8215ec5c-1e15-44a3-ada4-7c8c16717ba7",
      "name": "pariaturcill",
      "image": "culpaLoremconsectetur",
      "rating": "20.52713659995225",
      "address": "349 Beatrice Lodge",
      "lat": "530.3320547907318",
      "lng": "1825.4402197627953",
      "check": true,
      "description": "Esse nisi aliqua deserunt commodo non veniam ullamco Lorem tempor minim mollit eu ad dolore adipisicing deserunt elit nostrud ut proident dolor sunt."
    },
    {
      "id": "b9e334cf-2418-4dc0-b1c4-265d934072b4",
      "name": "minimmollitdu",
      "image": "excepteureaadipisicing",
      "rating": "25.123272997124534",
      "address": "609 Gibson Ferry",
      "lat": "1263.9989296732058",
      "lng": "212.08369628382454",
      "check": true,
      "description": "Consequat minim qui sunt et cupidatat labore culpa ex velit non quis dolor Lorem velit laborum occaecat laboris adipisicing ipsum irure eiusmod deserunt eiusmod."
    },
    {
      "id": "4d9cbfd9-800c-4c5d-b945-bc2daf516f9e",
      "name": "aliquiplab",
      "image": "proidentminimidametoffic",
      "rating": "25.863986978000398",
      "address": "22974 Hauck Unions",
      "lat": "1527.426304737617",
      "lng": "17.15847707913098",
      "check": true,
      "description": "Velit sit eiusmod reprehenderit mollit elit ut consequat nisi tempor irure tempor anim ex aliqua veniam labore excepteur culpa mollit proident tempor laboris commodo sunt duis elit eiusmod."
    },
    {
      "id": "2bc7374b-7396-47d8-af7d-1496b9880e0c",
      "name": "nisialiquad",
      "image": "dolorveniamquispariaturminim",
      "rating": "23.84063122244138",
      "address": "256 Rutherford Courts",
      "lat": "1223.688141128222",
      "lng": "929.3467837421889",
      "check": false,
      "description": "Occaecat fugiat cupidatat pariatur minim aute reprehenderit reprehenderit exercitation dolore irure aliquip sint ad dolore cupidatat culpa do est laborum adipisicing aliquip occaecat."
    },
    {
      "id": "47a61764-bf70-4fb1-b115-05fda9f41e90",
      "name": "consequatadin",
      "image": "irureduiscommodocill",
      "rating": "29.245480684687983",
      "address": "71530 Thompson Crossing",
      "lat": "11.483383802895137",
      "lng": "69.02469514777269",
      "check": false,
      "description": "Nostrud mollit aliquip non est incididunt magna ea exercitation aliqua nostrud ea ipsum excepteur irure esse laboris exercitation dolore fugiat amet nulla duis."
    },
    {
      "id": "2f2608ef-bcf5-4ea1-a3b2-f575c8c7226b",
      "name": "ipsumutincidid",
      "image": "quicillumcommodosuntmagnadui",
      "rating": "26.99759604477812",
      "address": "0515 Rachelle Light",
      "lat": "595.203843120401",
      "lng": "687.0693284338889",
      "check": false,
      "description": "Magna cillum proident commodo proident aute veniam anim elit aliqua labore velit mollit aliqua aliquip cupidatat duis est fugiat est proident cillum fugiat sit quis in dolor laborum Lorem commodo."
    },
    {
      "id": "482581af-d42f-4b3d-b9c7-060f2822b1c3",
      "name": "ametmollitoffi",
      "image": "nullamollitidlaboreconse",
      "rating": "22.61066006471676",
      "address": "759 Tremaine Shoal",
      "lat": "879.1966377172782",
      "lng": "1274.7786005497073",
      "check": true,
      "description": "Excepteur voluptate nulla magna est nulla ut incididunt aliquip nisi minim eiusmod proident est et enim nostrud sit culpa et reprehenderit."
    },
    {
      "id": "699fc9d0-54f2-4721-8e58-fb083a87549a",
      "name": "proidentadi",
      "image": "consecteturamete",
      "rating": "18.117803354740968",
      "address": "45986 Carrie Locks",
      "lat": "603.8219519509793",
      "lng": "1757.6141766706469",
      "check": false,
      "description": "Ea do voluptate occaecat eiusmod labore duis fugiat sint id aliquip officia ea Lorem voluptate magna voluptate id sunt sint."
    },
    {
      "id": "f3d650e6-3eef-457c-bdbe-e67c3023cb4e",
      "name": "exercitations",
      "image": "proidentsuntofficiaofficiain",
      "rating": "27.814680861414338",
      "address": "0381 Donald Street",
      "lat": "1141.4570594147672",
      "lng": "728.6604905820142",
      "check": false,
      "description": "Velit sint eu adipisicing ea eiusmod adipisicing dolor id nulla commodo elit irure ut ad eu tempor cillum pariatur esse culpa non sunt nostrud nisi consectetur eu incididunt."
    },
    {
      "id": "edee87c0-5ba2-4aea-88da-ace990e35fae",
      "name": "donisiirurecomm",
      "image": "esseelitautealiqui",
      "rating": "21.517257201328754",
      "address": "6974 Becker Spur",
      "lat": "976.0946428938511",
      "lng": "1417.3901279374481",
      "check": true,
      "description": "Occaecat amet laboris consectetur ipsum ea officia esse pariatur esse pariatur reprehenderit sunt laboris exercitation minim sint ex ut ad."
    },
    {
      "id": "c0517e8b-c9c5-4bf8-a4c1-d5b9348a83d3",
      "name": "pariaturinlabo",
      "image": "veniamcommodosuntidamete",
      "rating": "18.64129523496866",
      "address": "69536 Parisian Hills",
      "lat": "519.1883000516201",
      "lng": "806.2574431853126",
      "check": false,
      "description": "Occaecat do ullamco deserunt culpa id non irure incididunt qui quis aliqua enim eu labore nulla dolor ex id laboris proident nisi velit voluptate veniam commodo ipsum sunt nulla."
    },
    {
      "id": "c02a9e56-6c07-4bad-bb46-3fe051cbcfdb",
      "name": "ametdeserunt",
      "image": "consequatnondolormagnasuntexc",
      "rating": "26.724068532304155",
      "address": "2108 Rempel Brook",
      "lat": "1264.4220976374036",
      "lng": "1455.7811515540686",
      "check": false,
      "description": "Nisi aute velit sint veniam ullamco est commodo nisi ut occaecat Lorem reprehenderit nulla est sit excepteur do et incididunt esse non occaecat consectetur mollit."
    },
    {
      "id": "a094484c-f3bf-419a-90ce-74655f8d3481",
      "name": "laboreminimrep",
      "image": "irureetculpaenimcommodol",
      "rating": "27.262530732931687",
      "address": "792 Pedro Road",
      "lat": "448.4302760360311",
      "lng": "188.14555047643321",
      "check": false,
      "description": "Exercitation sit nisi ullamco exercitation aliqua reprehenderit pariatur deserunt nisi velit magna est sunt reprehenderit cupidatat nisi mollit duis eiusmod deserunt esse."
    },
    {
      "id": "b7fa7ce7-6acb-4521-9c4c-1872d87677e5",
      "name": "pariaturlabori",
      "image": "enimirurevoluptateinc",
      "rating": "27.652935002698605",
      "address": "637 Reynolds Village",
      "lat": "1242.8414203626999",
      "lng": "1120.6297577179764",
      "check": false,
      "description": "Magna magna pariatur dolore sunt eiusmod exercitation proident qui id dolore nisi consectetur ex cupidatat excepteur veniam Lorem et et laborum dolore eiusmod quis."
    },
    {
      "id": "5ab113c8-3879-4456-9a13-3e64213a4b58",
      "name": "elitreprehen",
      "image": "pariaturproidentculpaautemolli",
      "rating": "15.828517730221312",
      "address": "3665 Russel Oval",
      "lat": "317.8416255462095",
      "lng": "1885.7058657474247",
      "check": false,
      "description": "Commodo ut consequat anim pariatur elit laboris fugiat sit labore voluptate pariatur sit exercitation dolor labore aliquip exercitation pariatur Lorem aliquip exercitation consequat laborum do est deserunt voluptate fugiat."
    },
    {
      "id": "b549ee5b-b685-468c-a3b2-77563e916c16",
      "name": "irureLoremexc",
      "image": "enimmagnaexametla",
      "rating": "22.169100443709155",
      "address": "96623 Jacques Rue",
      "lat": "47.608057915293195",
      "lng": "1434.5574841870011",
      "check": false,
      "description": "Est aliquip ut ad incididunt eiusmod Lorem cillum mollit mollit voluptate anim non ex mollit pariatur elit ipsum qui aliqua nisi proident eiusmod ullamco sunt aliquip incididunt dolor proident."
    },
    {
      "id": "e015ad5e-2be1-4e52-9f45-0dcbfe170eae",
      "name": "adofficiacupida",
      "image": "minimmagnapariatur",
      "rating": "23.020079512291414",
      "address": "899 Drake Flat",
      "lat": "1275.6651279946138",
      "lng": "849.6417908588464",
      "check": false,
      "description": "Enim reprehenderit eu exercitation velit enim in dolore laboris consequat aliqua velit aute aliquip ut sunt sunt sunt cupidatat consequat dolore veniam."
    },
    {
      "id": "c87c4f7f-d960-478c-9a90-3cbc3ac7109e",
      "name": "officiatempora",
      "image": "utvoluptateconsecteturauteeius",
      "rating": "26.223104027519142",
      "address": "27664 Stroman Forges",
      "lat": "1995.057595850628",
      "lng": "1604.3881478271057",
      "check": false,
      "description": "Eu consequat dolore aliquip mollit dolor reprehenderit enim ad incididunt nostrud qui qui culpa nulla occaecat incididunt nisi et proident."
    },
    {
      "id": "0bb2c53d-d7ec-4dd3-8733-2d12ca87d4cf",
      "name": "excepteurtem",
      "image": "exercitationaliqui",
      "rating": "28.320657533001338",
      "address": "3265 Collin Expressway",
      "lat": "586.9552398373977",
      "lng": "1460.9894812787436",
      "check": false,
      "description": "Elit esse amet in eiusmod sint amet tempor tempor amet ex laboris enim aliquip tempor et ad sint pariatur sint occaecat magna cupidatat."
    },
    {
      "id": "853d16cc-e88d-426a-b4fb-a24540c9fdf1",
      "name": "duiseautenimeli",
      "image": "temporconsectet",
      "rating": "17.050008643043903",
      "address": "60087 Alanis Plaza",
      "lat": "1482.7005542991055",
      "lng": "573.7710839671686",
      "check": true,
      "description": "Quis cillum aliquip pariatur sit do aliquip proident nulla reprehenderit ipsum consectetur laborum in occaecat esse magna sit pariatur minim aliqua incididunt reprehenderit proident officia."
    },
    {
      "id": "a440c0c6-7140-42c3-b120-cc0042e20257",
      "name": "consectetu",
      "image": "adculpaaliquipestadipi",
      "rating": "21.496269563074502",
      "address": "126 Jared Brooks",
      "lat": "876.3084065078904",
      "lng": "1149.20370474975",
      "check": false,
      "description": "Quis proident ad commodo officia aliquip elit minim tempor mollit culpa amet aute minim non occaecat Lorem ullamco ullamco in sint non consectetur consectetur laborum reprehenderit occaecat veniam."
    },
    {
      "id": "895a6ee8-c8cc-4fd1-84ef-9f019ad05157",
      "name": "laborisvelitoc",
      "image": "nonenimeasintlaborumautete",
      "rating": "16.717724147449957",
      "address": "745 Friesen Ways",
      "lat": "448.2494538525843",
      "lng": "878.9995703760596",
      "check": true,
      "description": "Officia voluptate pariatur nostrud ut sint nisi pariatur sit ad id eu consequat consequat aliquip mollit ea dolore veniam labore excepteur eu cillum."
    },
    {
      "id": "8b9a226f-5514-44e8-af24-496b2a107e5d",
      "name": "occaecatadipisi",
      "image": "quiproidentvoluptatecillumaliq",
      "rating": "22.181064750040896",
      "address": "154 Polly Coves",
      "lat": "1804.130387470105",
      "lng": "16.33137493498352",
      "check": false,
      "description": "Nostrud reprehenderit et nostrud tempor ad nisi incididunt esse Lorem esse aute labore veniam id culpa aliquip fugiat proident laborum ea eu elit aute anim officia Lorem sunt duis commodo."
    },
    {
      "id": "8f9af5ba-c43c-4569-8a53-cb6e936e456d",
      "name": "adexelitips",
      "image": "doanimvoluptateduisaute",
      "rating": "23.693586138939835",
      "address": "405 Casimer Islands",
      "lat": "1589.0068374137306",
      "lng": "592.450476402207",
      "check": false,
      "description": "Minim tempor dolore laboris officia elit sint dolor elit occaecat velit et aute aute enim et reprehenderit ad laboris aute."
    },
    {
      "id": "7713aff1-26bf-4c7b-8871-e11df6bd05af",
      "name": "voluptatemolli",
      "image": "voluptateexercitationidipsumdo",
      "rating": "18.88771674306562",
      "address": "279 Shemar Haven",
      "lat": "1335.385700847542",
      "lng": "458.4020146211963",
      "check": false,
      "description": "Officia nostrud ex excepteur ex ut id sit commodo sunt nostrud cillum sit ad ad incididunt quis fugiat nostrud reprehenderit qui aute est id."
    },
    {
      "id": "577eee2d-1a9e-458e-9b32-19daff91186c",
      "name": "occaecatmin",
      "image": "consecteturirurefugiatve",
      "rating": "19.179779176033104",
      "address": "790 Carroll Parks",
      "lat": "594.7298340645416",
      "lng": "851.9325926715229",
      "check": true,
      "description": "Anim adipisicing in sunt ex et aute nostrud sint anim eiusmod occaecat occaecat ut laboris adipisicing cillum ea do id laboris esse."
    },
    {
      "id": "60952bdc-37ff-48cf-bbef-1126cd7e021a",
      "name": "idproidentquite",
      "image": "irureullamcorep",
      "rating": "19.778277025915997",
      "address": "56041 Carroll Pass",
      "lat": "1136.5220675650755",
      "lng": "90.59860789693778",
      "check": false,
      "description": "Commodo id in dolore mollit do ipsum aute voluptate consectetur nisi consectetur ullamco nostrud duis commodo mollit occaecat sit aute voluptate duis esse Lorem incididunt officia consequat aliquip minim aute."
    },
    {
      "id": "520f529a-46ff-48c0-8d38-df9d1bcdf1ce",
      "name": "adipisicingnon",
      "image": "nisiessesittemporpariaturute",
      "rating": "21.43780143191077",
      "address": "091 Ferry Roads",
      "lat": "1091.132479818723",
      "lng": "874.6315924911517",
      "check": false,
      "description": "Aliquip laborum nostrud magna laborum quis occaecat sint nisi occaecat cupidatat minim sunt occaecat dolore cillum aute aute amet deserunt dolor ut aute nisi quis qui voluptate nisi Lorem reprehenderit."
    },
    {
      "id": "9df718ba-fca2-4cd3-afd2-2a22efa2b35d",
      "name": "velitdolorepa",
      "image": "nonquiconsecteturmoll",
      "rating": "23.409043404272246",
      "address": "6402 Bosco Crossroad",
      "lat": "504.8002499533247",
      "lng": "1114.1183409484097",
      "check": false,
      "description": "Consequat nostrud magna aliquip irure sint aute est ad cillum elit do qui ex nisi enim quis labore nulla laboris excepteur qui eiusmod enim laboris."
    },
    {
      "id": "7ed18c95-4682-4879-a4c3-06903c0af663",
      "name": "voluptatedo",
      "image": "doloreadidfugiatconseq",
      "rating": "28.109396012255367",
      "address": "879 Senger Roads",
      "lat": "1310.9409840987887",
      "lng": "1197.9815186745122",
      "check": true,
      "description": "Adipisicing ad in eiusmod commodo sint ut officia magna occaecat non exercitation dolore cupidatat veniam ut eiusmod id nostrud fugiat et enim occaecat officia."
    },
    {
      "id": "63c85317-9f82-4b30-aa1a-c8e9aec839f0",
      "name": "nostrudcillum",
      "image": "incididuntexcepte",
      "rating": "24.868491345860804",
      "address": "307 Fay Mills",
      "lat": "138.63962970070963",
      "lng": "1647.6346854116994",
      "check": false,
      "description": "Proident ea irure eiusmod voluptate labore anim veniam dolore do elit aute in laboris laboris culpa ex irure mollit veniam."
    }
   ]