[
    {
      "id": "e4ef442e-2cf0-43a1-b1d4-9aa6241034e4",
      "name": "Clarabelle Bins",
      "address": "812 Alvina Extension",
      "phone": "",
      "lat": "326.53486669220183",
      "lng": "55.809686624143865",
      "email": "Shanna96@gmail.com",
      "image": "http://doloredoloreculpaquisconsectet.com"
    },
    {
      "id": "713f2236-96fd-43ea-8f57-784cbab98d19",
      "name": "Camren Parker",
      "address": "7347 Mayer Hollow",
      "phone": "",
      "lat": "839.3864029350532",
      "lng": "935.2980593809632",
      "email": "Miles_Batz@gmail.com",
      "image": "http://iruretemporaliquas.biz"
    },
    {
      "id": "50d0cedf-7ac3-49d1-a51c-3e2e061097d6",
      "name": "Valentine Jones",
      "address": "8039 Bergnaum Light",
      "phone": "",
      "lat": "621.0357126984627",
      "lng": "433.7765063776501",
      "email": "Quinn53@gmail.com",
      "image": "http://ametquisidnostrudocca.info"
    },
    {
      "id": "c35d9397-4a54-49d5-8228-852ef8bab6cc",
      "name": "Lindsay Abshire",
      "address": "6140 Lonzo Pine",
      "phone": "",
      "lat": "982.3153905115363",
      "lng": "453.6952894929488",
      "email": "Fritz_Mohr31@gmail.com",
      "image": "http://aliquipmollitmollitirurenostr.name"
    },
    {
      "id": "385866bd-be77-4796-a08d-b8a95126b51d",
      "name": "Celestino Schaden",
      "address": "47988 Julia Road",
      "phone": "",
      "lat": "19.164289805912063",
      "lng": "134.6349284509282",
      "email": "Hailey_Kirlin@gmail.com",
      "image": "https://eareprehenderites.net"
    },
    {
      "id": "7f06e673-fe64-4fce-b7d0-2e8b11e33e86",
      "name": "Domingo Grant",
      "address": "617 Dax Ramp",
      "phone": "",
      "lat": "414.231144884744",
      "lng": "11.070632855233555",
      "email": "Colton.Greenfelder@gmail.com",
      "image": "http://fugiatpariaturqu.info"
    },
    {
      "id": "7c71c723-c285-4029-b358-1db7d6e70544",
      "name": "Arno Lakin",
      "address": "6302 Jada Cliff",
      "phone": "",
      "lat": "526.7938050683401",
      "lng": "802.3912336572054",
      "email": "Myra.West@hotmail.com",
      "image": "https://voluptateminimdeserunt.info"
    },
    {
      "id": "5bcf7350-85e6-4f50-b758-457fffa78aef",
      "name": "Carlos Abshire",
      "address": "26263 Windler Crescent",
      "phone": "",
      "lat": "206.97396092875846",
      "lng": "562.5490608641625",
      "email": "Joshuah.Daugherty63@hotmail.com",
      "image": "https://sintesselaborumq.net"
    },
    {
      "id": "f58f3951-ffff-47d6-9f32-83967cadc78a",
      "name": "Jessie Gutmann",
      "address": "471 Rohan Mountain",
      "phone": "",
      "lat": "458.5087128212892",
      "lng": "861.4730438249729",
      "email": "Stanton.Bartoletti@gmail.com",
      "image": "https://estmollitdeseruntmollitnisivo.com"
    },
    {
      "id": "db0041ac-4c1a-4d32-adb3-9e0bd8ff955a",
      "name": "Eldon Borer",
      "address": "5698 Baylee Spur",
      "phone": "",
      "lat": "984.9082144454409",
      "lng": "294.6885033071105",
      "email": "Mollie.Rolfson@hotmail.com",
      "image": "http://mollitcupidatatcommod.name"
    },
    {
      "id": "4d62933b-47ff-493c-b7f8-c13765a2ebb5",
      "name": "Leon Reichert",
      "address": "2145 Colt Common",
      "phone": "",
      "lat": "487.83773438256907",
      "lng": "406.16644802740143",
      "email": "Aurelie84@hotmail.com",
      "image": "http://deseruntinnulladosi.net"
    },
    {
      "id": "5b895b73-efda-4786-9828-be41c4052cb9",
      "name": "Gabe Little",
      "address": "288 Alysa Burg",
      "phone": "",
      "lat": "37.8968151693488",
      "lng": "606.0957028571428",
      "email": "Alia.Kohler@hotmail.com",
      "image": "http://laborisduisadmolliteuamet.name"
    },
    {
      "id": "a7a049b2-8990-4374-8e86-cbf98ee5e73c",
      "name": "Roma Bednar",
      "address": "02517 Jolie Ridge",
      "phone": "",
      "lat": "860.6619870613237",
      "lng": "502.4767485459986",
      "email": "Erna_Mante70@hotmail.com",
      "image": "http://aliquipautereprehenderitLore.org"
    },
    {
      "id": "3167b60b-2e27-4279-a730-c34563142b4a",
      "name": "Ettie Mohr",
      "address": "96764 Saul Prairie",
      "phone": "",
      "lat": "324.82787401623585",
      "lng": "393.2278513955118",
      "email": "Annie75@gmail.com",
      "image": "https://minimconsequatconsequatinci.name"
    },
    {
      "id": "f5950375-4d9b-4004-91e7-a668192861ce",
      "name": "Charity Fritsch",
      "address": "7786 Considine Avenue",
      "phone": "",
      "lat": "955.7839329953889",
      "lng": "695.8147498061915",
      "email": "Marcelo.Zemlak14@yahoo.com",
      "image": "http://nisiLoremreprehe.com"
    },
    {
      "id": "1f815065-42b9-42c4-83fb-9be5fa808c83",
      "name": "Nicholas Schuppe",
      "address": "9778 Sipes Port",
      "phone": "",
      "lat": "74.90624690120774",
      "lng": "114.89842299601744",
      "email": "Alaina49@yahoo.com",
      "image": "https://reprehenderitnostrudeapar.biz"
    },
    {
      "id": "8e86046d-6171-4f12-853a-bba503001969",
      "name": "Roosevelt Heller",
      "address": "2930 Leslie Isle",
      "phone": "",
      "lat": "814.6717491263993",
      "lng": "460.4301712113445",
      "email": "Cloyd39@gmail.com",
      "image": "https://fugiatipsumaliquaesserepre.name"
    },
    {
      "id": "6192750f-e963-43a8-96de-fc1ff5671c62",
      "name": "Esteban Zulauf",
      "address": "59938 Billy Flats",
      "phone": "",
      "lat": "690.0771474011129",
      "lng": "59.95647059829907",
      "email": "Ally.Pouros80@hotmail.com",
      "image": "http://cillumullamcoesseaniman.com"
    },
    {
      "id": "ec166b7c-cfd2-42b9-b0ee-e71947a16a2d",
      "name": "Ezequiel Donnelly",
      "address": "0717 Eva Estate",
      "phone": "",
      "lat": "80.72019826703819",
      "lng": "592.7928609363676",
      "email": "Rahsaan_Luettgen51@gmail.com",
      "image": "http://esselaboreconsequ.name"
    },
    {
      "id": "b6c52f29-72f1-4e88-bde2-a0a547701a9c",
      "name": "Germaine Blick",
      "address": "13629 Bednar Harbors",
      "phone": "",
      "lat": "662.098260102299",
      "lng": "162.42481283037756",
      "email": "Leonie20@gmail.com",
      "image": "http://quimagnadolorecommodoconsectet.net"
    },
    {
      "id": "554e85cf-8c71-4b0c-814a-9ddef9e94807",
      "name": "Addison Gottlieb",
      "address": "94795 Mervin Causeway",
      "phone": "",
      "lat": "898.017514749087",
      "lng": "155.57440483373935",
      "email": "Erling.White@hotmail.com",
      "image": "https://Loremadipisicingconsecteturir.org"
    },
    {
      "id": "da8e1131-0853-495a-bd3e-2d008d34cdde",
      "name": "Cordelia Kemmer",
      "address": "708 Augustus Green",
      "phone": "",
      "lat": "804.0529384629809",
      "lng": "30.31124160694325",
      "email": "Cierra.Fritsch@gmail.com",
      "image": "https://enimirurevelitdonisiessedolor.com"
    },
    {
      "id": "070daf6f-f9c3-4ea3-999b-bd55dc3792c1",
      "name": "Otis Treutel",
      "address": "898 Mann Inlet",
      "phone": "",
      "lat": "107.38266350194797",
      "lng": "589.5816253483298",
      "email": "Elton_Terry@hotmail.com",
      "image": "http://consequatvelitipsumanimtempor.biz"
    },
    {
      "id": "16370678-c7bd-45a0-bffc-7b5fb14d371e",
      "name": "Demario Pfeffer",
      "address": "7038 Wilfredo Club",
      "phone": "",
      "lat": "853.064116714712",
      "lng": "522.7923319457344",
      "email": "Juliet_Medhurst21@yahoo.com",
      "image": "http://sunttemporduisenimdoloredolore.org"
    },
    {
      "id": "39104a05-2d99-4740-9a22-1d7d89f31762",
      "name": "Jaren Fahey",
      "address": "29266 Sawayn Club",
      "phone": "",
      "lat": "681.3789722591672",
      "lng": "510.19688490612106",
      "email": "Carlotta_Tremblay64@gmail.com",
      "image": "https://fugiatquisminimeue.info"
    },
    {
      "id": "6a7bc6cf-7b16-4092-9e2b-b94c4cef0926",
      "name": "Sheridan Tillman",
      "address": "4034 Aaron Expressway",
      "phone": "",
      "lat": "675.0459244873227",
      "lng": "780.3537184578638",
      "email": "Elliott_Goodwin51@gmail.com",
      "image": "https://mollitauteminimex.net"
    },
    {
      "id": "09c4d244-cb82-45f9-9780-16e0073eccee",
      "name": "Shana Wilderman",
      "address": "8831 Brandy View",
      "phone": "",
      "lat": "358.5462808205023",
      "lng": "345.043937324765",
      "email": "Andreane_Roberts@gmail.com",
      "image": "http://nullaetoccaecattemporveniamc.com"
    },
    {
      "id": "6a099191-7674-47a8-9882-54618b622630",
      "name": "Corbin Rice",
      "address": "1578 Marianne Lock",
      "phone": "",
      "lat": "482.6027419444797",
      "lng": "719.397508326033",
      "email": "Georgiana7@yahoo.com",
      "image": "https://molliteiusmodproidentproident.info"
    },
    {
      "id": "0a805989-1f56-4fc3-8fc4-f6782fb0661c",
      "name": "Vivian Stanton",
      "address": "178 Jocelyn Cliff",
      "phone": "",
      "lat": "588.0214953085108",
      "lng": "544.948908991356",
      "email": "Griffin75@yahoo.com",
      "image": "https://Loremvoluptateipsu.com"
    },
    {
      "id": "eb0dbf14-7f9d-4637-b4e9-af156035e42b",
      "name": "Elena Veum",
      "address": "402 Clyde Plains",
      "phone": "",
      "lat": "721.9978852864879",
      "lng": "779.1047982784012",
      "email": "Kameron98@yahoo.com",
      "image": "https://essesiteuincidi.info"
    },
    {
      "id": "f8e300ba-6615-4aed-8fa0-3fad83fb5298",
      "name": "Aaliyah Breitenberg",
      "address": "235 Wayne Ports",
      "phone": "",
      "lat": "444.1701477412426",
      "lng": "904.7124294058424",
      "email": "Aylin.Leffler27@gmail.com",
      "image": "http://essecommodomagnasuntocc.name"
    },
    {
      "id": "1ccff4cd-8f33-4922-9f3e-aaa2b395d04c",
      "name": "Letitia Bauch",
      "address": "6175 Corbin Ports",
      "phone": "",
      "lat": "677.8614313614471",
      "lng": "89.13617481116403",
      "email": "Deshawn.Anderson@hotmail.com",
      "image": "https://reprehenderitmagna.com"
    },
    {
      "id": "d3052a6c-d6f8-4101-b4aa-babc90a7cd15",
      "name": "Brian Blanda",
      "address": "63010 Felicia Center",
      "phone": "",
      "lat": "267.718454535224",
      "lng": "205.85014055266328",
      "email": "Boris50@yahoo.com",
      "image": "https://incididuntlaborisoffici.org"
    },
    {
      "id": "414a4a6b-096a-4caa-9b0c-38250aa7f250",
      "name": "Ike Ferry",
      "address": "9027 Jonathon Glens",
      "phone": "",
      "lat": "815.3840337087513",
      "lng": "876.8646338987359",
      "email": "Caesar14@gmail.com",
      "image": "https://suntidetlaborecommod.org"
    },
    {
      "id": "5d13e11f-505c-4c1d-9603-565cb9f0013a",
      "name": "Reyna Durgan",
      "address": "3582 Blaze Circles",
      "phone": "",
      "lat": "477.6474330233601",
      "lng": "230.2587238756948",
      "email": "Bernita.Schneider86@hotmail.com",
      "image": "http://ullamcodoconsequatdolor.org"
    },
    {
      "id": "35e1e086-297f-4b17-8063-0e4a491cc07e",
      "name": "Leonard Sauer",
      "address": "62802 Hunter Lane",
      "phone": "",
      "lat": "721.8186049091403",
      "lng": "113.24767760653738",
      "email": "Ivah_Doyle@yahoo.com",
      "image": "http://sintdeseruntipsumlab.name"
    },
    {
      "id": "a9e8833e-0b76-4f53-b4dd-128c4c1867f8",
      "name": "Luther Ziemann",
      "address": "20462 Arlo Drives",
      "phone": "",
      "lat": "544.2528115679386",
      "lng": "37.58880449167907",
      "email": "Reta_Blick@gmail.com",
      "image": "http://officiaadipisic.biz"
    },
    {
      "id": "9e6d3539-2785-4756-9336-1a395390e471",
      "name": "Doug Larkin",
      "address": "9582 Hodkiewicz Meadows",
      "phone": "",
      "lat": "90.77568095860813",
      "lng": "928.5328801822398",
      "email": "Karina.Schiller@yahoo.com",
      "image": "http://euquireprehenderitsuntir.name"
    },
    {
      "id": "50b3bf50-6c43-482c-a6e8-2f93cec8ae40",
      "name": "Robb Boyer",
      "address": "266 Camila Row",
      "phone": "",
      "lat": "426.9236219174227",
      "lng": "637.2364485151754",
      "email": "Jannie22@hotmail.com",
      "image": "http://duisquiseiusmodl.net"
    },
    {
      "id": "9931c33f-82de-4d6d-aef6-1ff422c897ea",
      "name": "Christelle Tillman",
      "address": "283 Savannah Lane",
      "phone": "",
      "lat": "952.6736036200634",
      "lng": "307.327908900165",
      "email": "Heath_Cassin@hotmail.com",
      "image": "http://elitmagnaveniamametdeseruntre.net"
    },
    {
      "id": "db4235dc-41c8-4b96-b68e-c896af59b290",
      "name": "Zoey Kessler",
      "address": "82871 Madyson Corner",
      "phone": "",
      "lat": "174.54543113238427",
      "lng": "876.7118306043212",
      "email": "Eloy_Sanford73@hotmail.com",
      "image": "https://officiaidaliquaminimoccaecat.info"
    },
    {
      "id": "f185da0d-cf1a-4ac4-83da-dd87e6675631",
      "name": "Eudora Ward",
      "address": "74735 Gibson Ways",
      "phone": "",
      "lat": "573.4849092918435",
      "lng": "931.8629824379167",
      "email": "Dortha_Goyette@yahoo.com",
      "image": "http://culpadoloreipsumLo.info"
    },
    {
      "id": "e7b50c70-2f6d-47d9-b313-2dd783f48397",
      "name": "Lindsay Jaskolski",
      "address": "078 Elnora Row",
      "phone": "",
      "lat": "95.50101051219454",
      "lng": "113.71735152344465",
      "email": "Lisa59@hotmail.com",
      "image": "https://eacommodoadipisicingdolor.biz"
    },
    {
      "id": "9900333d-4c17-46eb-8f80-8e667088a392",
      "name": "Deangelo Rogahn",
      "address": "94133 Collin Lock",
      "phone": "",
      "lat": "834.4595171268418",
      "lng": "435.92184864634334",
      "email": "Frank.Parker21@gmail.com",
      "image": "http://aliquipeiusmodduiscon.net"
    },
    {
      "id": "aaefb104-cc6e-4a17-8e81-a7bc94cad5b3",
      "name": "Weldon Kassulke",
      "address": "401 Treva Well",
      "phone": "",
      "lat": "986.8002490702381",
      "lng": "996.2303292083304",
      "email": "Adolphus.Kessler@hotmail.com",
      "image": "http://veniamessereprehend.info"
    },
    {
      "id": "7b7bbddf-5030-45bd-84fa-7c475db13fbe",
      "name": "Dana Connelly",
      "address": "938 Elta Mountain",
      "phone": "",
      "lat": "245.95729177887628",
      "lng": "76.73710382494265",
      "email": "Jose_Ondricka@gmail.com",
      "image": "https://enimsitanimaliquipiniruredolo.org"
    },
    {
      "id": "2da47dab-c598-4ffe-87e6-24e9e844c8b5",
      "name": "Kurt Stokes",
      "address": "866 Towne Tunnel",
      "phone": "",
      "lat": "388.8860175527432",
      "lng": "841.2687668085781",
      "email": "Nina_Wyman41@gmail.com",
      "image": "http://eiusmodlaborenostrudof.name"
    },
    {
      "id": "b7f14435-e675-4ab6-88c4-ff8734ebe452",
      "name": "Cornelius Borer",
      "address": "08165 Gottlieb Square",
      "phone": "",
      "lat": "534.0640247567237",
      "lng": "571.2288245536756",
      "email": "Jaquan_Huel75@yahoo.com",
      "image": "https://temporduisesselaboreada.com"
    },
    {
      "id": "fee96282-acdf-4007-8d4b-a80b7bbb1cde",
      "name": "Edmond Lubowitz",
      "address": "106 Waters Squares",
      "phone": "",
      "lat": "732.3407671918285",
      "lng": "798.7620140648633",
      "email": "Paul55@gmail.com",
      "image": "https://auteelitincididuntelitei.com"
    },
    {
      "id": "82a0d30d-6419-406d-b961-c4198b8dfcdc",
      "name": "Mable Weissnat",
      "address": "9154 Reynolds Ridge",
      "phone": "",
      "lat": "917.7656367105834",
      "lng": "241.41009875001586",
      "email": "Amely.OKon@yahoo.com",
      "image": "http://laboriseniminfugiatreprehender.biz"
    },
    {
      "id": "068a2cdc-2b5c-480f-a737-1299fa9adb81",
      "name": "Devon Durgan",
      "address": "46671 Kaci View",
      "phone": "",
      "lat": "945.6162344028257",
      "lng": "819.1059437697612",
      "email": "Kylie.Veum8@hotmail.com",
      "image": "https://incididuntconsequatcons.name"
    },
    {
      "id": "a32cb0d1-2c9f-4e02-8e36-d40949e45f35",
      "name": "Herta Walsh",
      "address": "090 Candido Drive",
      "phone": "",
      "lat": "299.1571316051876",
      "lng": "335.044646661339",
      "email": "Lillie.Lueilwitz@yahoo.com",
      "image": "http://etlaborisincididunt.info"
    },
    {
      "id": "e886c971-4ae5-4bdc-afa2-ac91a79d7d20",
      "name": "Elmo Spinka",
      "address": "97751 Hilpert Trail",
      "phone": "",
      "lat": "138.8927157640631",
      "lng": "590.6889204120112",
      "email": "Lelah47@gmail.com",
      "image": "http://enimduisexexercitationsuntcill.com"
    },
    {
      "id": "0cf88160-161f-433c-ade2-926f7105dfed",
      "name": "Angie Okuneva",
      "address": "94084 Swaniawski Square",
      "phone": "",
      "lat": "217.22913860670187",
      "lng": "842.3760370812186",
      "email": "Rene10@hotmail.com",
      "image": "http://Loremofficiaconsect.net"
    },
    {
      "id": "3c7c3c73-503c-4f83-85fa-3443474305d1",
      "name": "Jaylan Hand",
      "address": "3004 Huel Junctions",
      "phone": "",
      "lat": "659.1729978724981",
      "lng": "91.71223912308977",
      "email": "Kristopher_Blick@gmail.com",
      "image": "http://culpadeseruntveniamconsectetur.net"
    },
    {
      "id": "2084ef91-ce99-4e27-b774-a55b3c4cff11",
      "name": "Kade Volkman",
      "address": "404 Gabe Prairie",
      "phone": "",
      "lat": "833.075698366047",
      "lng": "466.1515090352195",
      "email": "Korey_Heaney68@hotmail.com",
      "image": "https://esseirureametameteusu.net"
    },
    {
      "id": "7f4968d6-0290-4a1d-a518-6e757074dfd6",
      "name": "Jules Wehner",
      "address": "49466 Schmidt Camp",
      "phone": "",
      "lat": "963.8803532265074",
      "lng": "736.3159936461715",
      "email": "Camryn.Hoeger2@hotmail.com",
      "image": "http://nullanostrudinvoluptateani.name"
    },
    {
      "id": "b22ed51c-050f-434e-8c05-e57206d3d630",
      "name": "Billy Kassulke",
      "address": "892 Eleanora Coves",
      "phone": "",
      "lat": "496.2669965308001",
      "lng": "519.2819650833687",
      "email": "Newton_Grimes@gmail.com",
      "image": "http://aliqualaborumreprehenderite.biz"
    },
    {
      "id": "6300baea-93a8-45d6-a7ac-fe9b062d7eab",
      "name": "Bridgette Hahn",
      "address": "84053 Fleta Knoll",
      "phone": "",
      "lat": "211.11856645999546",
      "lng": "321.95686911569436",
      "email": "Hildegard.Yundt@gmail.com",
      "image": "http://consequatauteduisveniamnul.org"
    },
    {
      "id": "43424033-7582-4f87-bd76-715fe3458f8d",
      "name": "Rafael Ledner",
      "address": "1815 Pearline Run",
      "phone": "",
      "lat": "185.79923711773247",
      "lng": "819.2892385314013",
      "email": "Makayla24@hotmail.com",
      "image": "https://minimconsequatips.name"
    },
    {
      "id": "cd3ee86c-76c4-45bd-8394-b5adf0a1a7ef",
      "name": "Tiffany Hilll",
      "address": "8273 Brandon Via",
      "phone": "",
      "lat": "331.9747785581031",
      "lng": "349.4380044194404",
      "email": "Jonathon14@hotmail.com",
      "image": "http://addoloreexercita.com"
    },
    {
      "id": "35fe6bb9-1145-4548-8813-71c893e2a5ed",
      "name": "Mariane Hirthe",
      "address": "1868 Beatty Trace",
      "phone": "",
      "lat": "391.5188981053352",
      "lng": "275.66770933816815",
      "email": "Tara23@yahoo.com",
      "image": "http://aliquacommodocupidat.org"
    },
    {
      "id": "4457e4d3-2fa5-43ef-9e6a-5eb3349a5bdd",
      "name": "Nelson Stracke",
      "address": "69979 Chelsey Loop",
      "phone": "",
      "lat": "59.249833208126006",
      "lng": "463.847342521016",
      "email": "Kaleb.Shields@hotmail.com",
      "image": "https://addoexsinteudeseru.info"
    },
    {
      "id": "952fddfc-49b3-4105-a7be-f026190d4c47",
      "name": "Trystan Lebsack",
      "address": "51061 Rempel Street",
      "phone": "",
      "lat": "111.08212492397548",
      "lng": "65.43166918849421",
      "email": "Dorian_Monahan11@hotmail.com",
      "image": "http://laborispariaturdolores.com"
    },
    {
      "id": "b466e9aa-f431-4184-aafd-2fd2c88c6dcd",
      "name": "Boyd Lind",
      "address": "4216 Denesik Crossroad",
      "phone": "",
      "lat": "984.7719131780918",
      "lng": "454.36761324814404",
      "email": "Sigmund_Predovic@hotmail.com",
      "image": "https://nisiconsequatexer.net"
    },
    {
      "id": "c0c1afbb-15bb-4103-87cb-bc6fb986db4e",
      "name": "Raegan Bernier",
      "address": "59080 Friedrich Knolls",
      "phone": "",
      "lat": "996.6489704905753",
      "lng": "977.0827465456928",
      "email": "Louvenia_DuBuque94@gmail.com",
      "image": "http://consecteturesseduisvel.org"
    },
    {
      "id": "ab00fbbc-be37-4e64-8abd-4d14ffbf4e69",
      "name": "Roma Moore",
      "address": "52463 Ahmed Lock",
      "phone": "",
      "lat": "771.5836471318005",
      "lng": "619.2437318777866",
      "email": "Tess_Christiansen@gmail.com",
      "image": "https://veniamenimdodoidpariatureain.net"
    },
    {
      "id": "50aea106-8a79-46e3-8d6a-5b0674ee8978",
      "name": "Bernita Bednar",
      "address": "961 Metz Junction",
      "phone": "",
      "lat": "485.73840529861735",
      "lng": "272.01064732483394",
      "email": "Sandrine_Schmidt@hotmail.com",
      "image": "https://consequatvelitlaboreo.biz"
    },
    {
      "id": "6f71ce6e-f9e3-4413-9171-f95867d6ca10",
      "name": "Conor Emard",
      "address": "649 Hoeger Causeway",
      "phone": "",
      "lat": "358.2286193123127",
      "lng": "12.125449385017667",
      "email": "Marcus2@gmail.com",
      "image": "https://duisnisireprehenderitdolorqu.net"
    },
    {
      "id": "49d840f5-8b56-4f54-bf7b-fa73db74eefe",
      "name": "Emmie Sporer",
      "address": "66939 Crooks Fort",
      "phone": "",
      "lat": "240.58063236569964",
      "lng": "455.3830812093585",
      "email": "Zack.Quigley@gmail.com",
      "image": "https://exelitreprehende.name"
    },
    {
      "id": "7b7de876-51a8-4455-b08b-1f6eebbca600",
      "name": "Daren Grant",
      "address": "8897 Friesen Meadows",
      "phone": "",
      "lat": "690.2483133197908",
      "lng": "572.7107834559265",
      "email": "Abel.Schiller68@gmail.com",
      "image": "http://veniameudoloredoloreve.name"
    },
    {
      "id": "8100db02-0468-418e-b356-2f85a553162f",
      "name": "Adrian Douglas",
      "address": "28748 Adrian Meadows",
      "phone": "",
      "lat": "60.73391266776769",
      "lng": "818.860195089222",
      "email": "Jane_Cremin61@gmail.com",
      "image": "https://voluptatecillumsintcupida.biz"
    },
    {
      "id": "f50998ba-8214-44af-b738-6e406fe89917",
      "name": "Kasandra Feest",
      "address": "6433 Micaela Station",
      "phone": "",
      "lat": "164.34750079329976",
      "lng": "493.4049298907128",
      "email": "Danika90@yahoo.com",
      "image": "https://excepteurametei.biz"
    },
    {
      "id": "a088d913-5254-458b-98cd-99658322f901",
      "name": "Ana McKenzie",
      "address": "626 Danial Trail",
      "phone": "",
      "lat": "757.3900155405108",
      "lng": "891.198027129227",
      "email": "Adriana_Schumm62@gmail.com",
      "image": "http://sintincididuntin.org"
    },
    {
      "id": "0d947403-a7cf-4a46-9753-b41dc27215eb",
      "name": "Kenna Emmerich",
      "address": "176 Doyle Overpass",
      "phone": "",
      "lat": "302.96529233879346",
      "lng": "594.6841831158603",
      "email": "Marisa41@hotmail.com",
      "image": "http://inincididuntaliquipesteusun.org"
    },
    {
      "id": "a3508c76-9663-431d-b71c-2cd849893f05",
      "name": "Fabian Spinka",
      "address": "1865 Lane Hollow",
      "phone": "",
      "lat": "281.9196017359992",
      "lng": "103.64193854483601",
      "email": "Jovany2@yahoo.com",
      "image": "http://excepteurametadipisicin.org"
    },
    {
      "id": "58a7c24f-1863-4f0d-941b-50e54b692f65",
      "name": "Jennie Yundt",
      "address": "31099 Kayley Curve",
      "phone": "",
      "lat": "174.83511419937986",
      "lng": "308.53656250558055",
      "email": "Percival.Bins@yahoo.com",
      "image": "https://elitquifugiatproid.biz"
    },
    {
      "id": "e92bf95c-0f32-4f8e-b176-2dc72ec70954",
      "name": "Lizzie Hamill",
      "address": "2429 Erdman Motorway",
      "phone": "",
      "lat": "37.30777562138781",
      "lng": "215.508675366923",
      "email": "Jimmy.Jacobson83@hotmail.com",
      "image": "http://dononsintfugiatveniamfugiatutc.biz"
    },
    {
      "id": "acdd2151-9f9b-4d66-b424-6e915ff160eb",
      "name": "Rosemary Shields",
      "address": "6588 Gislason Rue",
      "phone": "",
      "lat": "854.873292901397",
      "lng": "151.68417583906245",
      "email": "Harry.Goyette11@yahoo.com",
      "image": "http://voluptatequisnostru.net"
    },
    {
      "id": "476bd344-cd0a-4897-9181-e944054396a6",
      "name": "Earnest Nikolaus",
      "address": "554 Devon Fork",
      "phone": "",
      "lat": "482.2485308926785",
      "lng": "208.18347753198873",
      "email": "Dexter_Cruickshank88@hotmail.com",
      "image": "https://cupidatatvolupt.net"
    },
    {
      "id": "64a54f05-eb49-4492-8156-3a523c1b1d81",
      "name": "Ted Considine",
      "address": "2015 Maureen Drive",
      "phone": "",
      "lat": "984.9495385943383",
      "lng": "677.8036204068121",
      "email": "Leola42@hotmail.com",
      "image": "http://eaexercitationetcupid.biz"
    },
    {
      "id": "a0d94985-1129-40ea-bb26-f4c57d22934e",
      "name": "Ashlee Mills",
      "address": "75566 Treutel Highway",
      "phone": "",
      "lat": "658.5033074294855",
      "lng": "657.78432895779",
      "email": "Moshe.Murazik53@yahoo.com",
      "image": "http://ipsumauteautenisianim.com"
    },
    {
      "id": "1c21419c-42c3-45c6-b3cc-dfc4e4204bcc",
      "name": "Rosemarie Stark",
      "address": "371 Bartell Unions",
      "phone": "",
      "lat": "405.90495772188603",
      "lng": "496.99965358599167",
      "email": "Lesley.Daugherty62@yahoo.com",
      "image": "https://aliquaexcepteuranimeiusmodel.org"
    },
    {
      "id": "a5022076-ffcc-434f-a4c4-1f0e442a0d84",
      "name": "Mathias Bauch",
      "address": "74323 Maddison Mews",
      "phone": "",
      "lat": "658.398538715939",
      "lng": "323.9962286907784",
      "email": "Eve_Stiedemann98@hotmail.com",
      "image": "https://fugiataliquiplaborenisido.biz"
    },
    {
      "id": "6207f416-8114-49ce-a4c2-b447bc778cda",
      "name": "Anna Kulas",
      "address": "61631 Pouros Harbors",
      "phone": "",
      "lat": "827.0388852023801",
      "lng": "740.5868020242914",
      "email": "Sophia43@gmail.com",
      "image": "https://exercitationelitaliquan.info"
    },
    {
      "id": "0db41f28-da27-448e-bf3a-2c1b694fd864",
      "name": "Landen Treutel",
      "address": "60694 Fadel Glens",
      "phone": "",
      "lat": "5.001086515143694",
      "lng": "928.1579098336763",
      "email": "Chaz_Becker76@hotmail.com",
      "image": "https://exercitationofficialaborumaute.info"
    },
    {
      "id": "4ec3dd8a-620f-4888-b2b0-787aa448523f",
      "name": "Dayne Cummings",
      "address": "6639 Ondricka Forges",
      "phone": "",
      "lat": "902.9903303371443",
      "lng": "223.3872282779297",
      "email": "Candice_Goyette79@gmail.com",
      "image": "https://minimeiusmodnos.com"
    },
    {
      "id": "52d4cf39-e5e6-401d-95f0-c09ddb7ddb82",
      "name": "Casey Windler",
      "address": "46137 Adams Pines",
      "phone": "",
      "lat": "794.2470258205122",
      "lng": "983.7258156426695",
      "email": "Lafayette_Veum@yahoo.com",
      "image": "http://ullamcoetdodese.info"
    },
    {
      "id": "d81474d4-e9f0-42db-99fa-6518e60f19c7",
      "name": "Bria Konopelski",
      "address": "824 Cronin Fort",
      "phone": "",
      "lat": "101.7112141283921",
      "lng": "176.93425923868722",
      "email": "Hans37@yahoo.com",
      "image": "http://voluptateminimei.name"
    },
    {
      "id": "c9de2d4b-6eb3-4063-92ee-1162358bfc6d",
      "name": "Nakia O'Reilly",
      "address": "319 Bednar Pines",
      "phone": "",
      "lat": "421.9476157314719",
      "lng": "509.8663264936642",
      "email": "Rebeca_Kerluke68@hotmail.com",
      "image": "http://eiusmodvelitadipisicingfugia.biz"
    },
    {
      "id": "2ca37928-2952-404d-9210-953340c988ef",
      "name": "Greyson Dickens",
      "address": "8820 Jessyca Neck",
      "phone": "",
      "lat": "205.23621975829872",
      "lng": "822.3101766441124",
      "email": "Kitty.Spencer79@gmail.com",
      "image": "https://adipisicingcommodoo.com"
    },
    {
      "id": "b94e5233-98f6-495b-9f38-2ea739aba7e7",
      "name": "Lenora Crist",
      "address": "1510 Stracke Alley",
      "phone": "",
      "lat": "444.584628076189",
      "lng": "443.72071148303604",
      "email": "Rocio_Parker58@yahoo.com",
      "image": "https://doloreametveniamsintmolli.org"
    },
    {
      "id": "b3911e28-3fc4-43a8-8b7f-953a72912618",
      "name": "Shyanne Langosh",
      "address": "271 Robel Rapids",
      "phone": "",
      "lat": "680.3257806707768",
      "lng": "972.082555024475",
      "email": "Jean.Nader82@gmail.com",
      "image": "http://sintfugiatreprehenderitpro.org"
    },
    {
      "id": "158e5dc4-f530-47d0-955c-5bb04418caf7",
      "name": "Gregoria Upton",
      "address": "37642 Nicolas View",
      "phone": "",
      "lat": "911.6625868616085",
      "lng": "997.3892814312129",
      "email": "Dane63@gmail.com",
      "image": "https://laborisnisidolordeseruntnoncu.info"
    },
    {
      "id": "bd02723a-fc59-4269-97f6-488fc4008843",
      "name": "Jade Schimmel",
      "address": "471 Koelpin Branch",
      "phone": "",
      "lat": "490.45050683210684",
      "lng": "168.52827420007583",
      "email": "Kiarra.Tromp@gmail.com",
      "image": "http://duisnonaliquipnisin.org"
    },
    {
      "id": "bfe0d196-dda5-43ac-bc33-789447dcd3d1",
      "name": "Ada Wyman",
      "address": "7419 Murazik Islands",
      "phone": "",
      "lat": "77.12522263200839",
      "lng": "283.0377162807755",
      "email": "Lillian_Grant63@yahoo.com",
      "image": "https://estdononirureanimeulabor.com"
    },
    {
      "id": "f502948c-8b98-4769-acc0-ab5d151357ee",
      "name": "Hayley Heidenreich",
      "address": "0048 Donald Glen",
      "phone": "",
      "lat": "158.41249021162844",
      "lng": "883.6695536105059",
      "email": "Leslie_Satterfield@gmail.com",
      "image": "http://excepteurdolaboreci.biz"
    },
    {
      "id": "3b6597ce-51cd-426a-b43c-ffa4f3f8a093",
      "name": "Jettie Schinner",
      "address": "3774 Winnifred Via",
      "phone": "",
      "lat": "719.9752674794821",
      "lng": "521.5230102987243",
      "email": "Curtis.Krajcik@gmail.com",
      "image": "https://esseadproidentpariaturexullam.org"
    },
    {
      "id": "a8c2aa2e-01bb-45d6-80d0-cab65e4ec97a",
      "name": "Leopold Wilkinson",
      "address": "761 Nader Port",
      "phone": "",
      "lat": "580.2438843562282",
      "lng": "323.16172240599354",
      "email": "Milford_Tromp27@hotmail.com",
      "image": "https://sitautenoncillumdoanimcon.com"
    },
    {
      "id": "ff9e40a4-d556-4e3b-81bf-752b4c77968f",
      "name": "Devyn Murphy",
      "address": "866 Laverna Curve",
      "phone": "",
      "lat": "927.7328152582817",
      "lng": "429.48805965139184",
      "email": "Bart_Hoeger40@gmail.com",
      "image": "http://eiusmodnisiipsump.net"
    }
   ]