[
	{
		"pkg": "@capacitor-community/background-geolocation",
		"classpath": "com.equimaps.capacitor_background_geolocation.BackgroundGeolocation"
	},
	{
		"pkg": "@capacitor-community/contacts",
		"classpath": "ch.byrds.capacitor.contacts.Contacts"
	},
	{
		"pkg": "@capacitor/app",
		"classpath": "com.capacitorjs.plugins.app.AppPlugin"
	},
	{
		"pkg": "@capacitor/device",
		"classpath": "com.capacitorjs.plugins.device.DevicePlugin"
	},
	{
		"pkg": "@capacitor/geolocation",
		"classpath": "com.capacitorjs.plugins.geolocation.GeolocationPlugin"
	},
	{
		"pkg": "@capacitor/google-maps",
		"classpath": "com.capacitorjs.plugins.googlemaps.CapacitorGoogleMapsPlugin"
	},
	{
		"pkg": "@capacitor/haptics",
		"classpath": "com.capacitorjs.plugins.haptics.HapticsPlugin"
	},
	{
		"pkg": "@capacitor/keyboard",
		"classpath": "com.capacitorjs.plugins.keyboard.KeyboardPlugin"
	},
	{
		"pkg": "@capacitor/push-notifications",
		"classpath": "com.capacitorjs.plugins.pushnotifications.PushNotificationsPlugin"
	},
	{
		"pkg": "@capacitor/status-bar",
		"classpath": "com.capacitorjs.plugins.statusbar.StatusBarPlugin"
	}
]
